,stock1,stock2,stock3,stock4
stock1,1.2445195322430893,0.38009538581049995,0.6138595730550113,0.6213649321896909
stock2,0.38009538581049995,0.140674276391592,0.20715991844861517,0.20874155588022625
stock3,0.6138595730550113,0.20715991844861517,0.3710526987069472,0.3380003142245189
stock4,0.6213649321896909,0.20874155588022625,0.3380003142245189,0.375200811967117
