,stock1,stock2,stock3,stock4
stock1,0.021230203499907126,0.2065275732587034,0.10177498602351143,0.07399123662766734
stock2,0.2065275732587034,2.4322587487204,1.0901025040997316,0.7928716018766149
stock3,0.10177498602351143,1.0901025040997316,0.5906832414061787,0.3907789957362471
stock4,0.07399123662766734,0.7928716018766149,0.3907789957362471,0.3126141900938396
